<?xml version="1.0" encoding="UTF-8"?>
<beans xmlns="http://www.springframework.org/schema/beans"
	xmlns:xsi="http://www.w3.org/2001/XMLSchema-instance"
	xmlns:context="http://www.springframework.org/schema/context"
	xmlns:mvc="http://www.springframework.org/schema/mvc"
	xsi:schemaLocation="http://www.springframework.org/schema/mvc http://www.springframework.org/schema/mvc/spring-mvc-4.1.xsd
		http://www.springframework.org/schema/beans http://www.springframework.org/schema/beans/spring-beans.xsd
		http://www.springframework.org/schema/context http://www.springframework.org/schema/context/spring-context-4.1.xsd">

	
	<!-- <mvc:annotation-driven/>
	
	<mvc:view-controller path="/home" view-name="home"/>
	
	<mvc:view-controller path="/welcome" view-name="welcome"/>
	
	
	<mvc:redirect-view-controller redirect-url="http://www.google.com" path="/google"
	context-relative="false" keep-query-params="false"/>
	
		 -->
	<context:component-scan base-package="com.way2learnonline" />	


	<bean class="org.springframework.web.servlet.view.InternalResourceViewResolver">
		<property name="prefix" value="/WEB-INF/jsp/" />
		<property name="suffix" value=".jsp" />
	</bean>

</beans>
