<?xml version="1.0" encoding="UTF-8"?>
<beans xmlns="http://www.springframework.org/schema/beans"
	xmlns:xsi="http://www.w3.org/2001/XMLSchema-instance" xmlns:ldap="http://www.springframework.org/schema/ldap"
	xmlns:security="http://www.springframework.org/schema/security"
	xsi:schemaLocation="http://www.springframework.org/schema/security http://www.springframework.org/schema/security/spring-security.xsd
		http://www.springframework.org/schema/ldap http://www.springframework.org/schema/ldap/spring-ldap-2.0.xsd
		http://www.springframework.org/schema/beans http://www.springframework.org/schema/beans/spring-beans.xsd">


	<!-- <security:http pattern="/resources/**" security="none" /> -->
	<security:http auto-config="true" use-expressions="true">

		<security:intercept-url pattern="/login/form" access="permitAll" />

		<security:intercept-url pattern="/logout"	access="permitAll" />
		
		<security:intercept-url pattern="/home.htm" 	access="permitAll" />
		<security:intercept-url pattern="/resources/**" 	access="permitAll" />
		<security:intercept-url pattern="/**" 	access="hasRole('ROLE_ADMIN')" />

<security:remember-me />
		<security:intercept-url pattern="/user/**" 		access="hasRole('ROLE_USER')" />

		<security:form-login login-page="/login/form"
			login-processing-url="/mylogin" username-parameter="myusername"
			password-parameter="mypassword" authentication-failure-url="/login/form?error" />

		<security:logout logout-url="/logout"
			logout-success-url="/login/form?mylogout" invalidate-session="true" />

	</security:http>



	<security:authentication-manager>
		<security:authentication-provider>
			<security:user-service>
				<security:user name="siva" password="secret"
					authorities="ROLE_ADMIN" />
				<security:user name="prasad" password="secret"
					authorities="ROLE_USER" />
			</security:user-service>
		</security:authentication-provider>
	</security:authentication-manager>



</beans>
