<?xml version="1.0" encoding="UTF-8"?>
<beans xmlns="http://www.springframework.org/schema/beans"
	xmlns:xsi="http://www.w3.org/2001/XMLSchema-instance"
	xmlns:ldap="http://www.springframework.org/schema/ldap"
	xmlns:security="http://www.springframework.org/schema/security"
	xsi:schemaLocation="http://www.springframework.org/schema/security http://www.springframework.org/schema/security/spring-security.xsd
		http://www.springframework.org/schema/ldap http://www.springframework.org/schema/ldap/spring-ldap-2.0.xsd
		http://www.springframework.org/schema/beans http://www.springframework.org/schema/beans/spring-beans.xsd">
  

	<security:http auto-config="true" use-expressions="true">
		<security:intercept-url pattern="/home.htm" access="permitAll"/>
		<security:intercept-url pattern="/resources/**" access="permitAll"/>
		<security:intercept-url pattern="/**" access="hasRole('ROLE_ADMIN')"/>
		<security:http-basic/>
		
		<!-- 
		<security:logout logout-url="/logout" logout-success-url="/login"/> -->
	</security:http>
	
		
	<security:authentication-manager>
		<security:authentication-provider>	
							
			<security:user-service>				
			 	<security:user name="siva"	 password="secret" authorities="ROLE_ADMIN"/>						 
			</security:user-service>		
			
		</security:authentication-provider>	
	</security:authentication-manager> 
	
	
	<!-- <bean id="passwordEncoder" class="org.springframework.security.crypto.password.StandardPasswordEncoder" /> 
 -->
</beans>
